dir,file_name,row_counts,file_size
/lustre/t1/cl/lsst/pz_project/pcw_2023/dp0.2_pre_processed_2M_obj_per_file/objectTable_tract_2903_DC2_2_2i_runs_DP0_2_v23_0_1_PREOPS-905_step3_2_20220308T164354Z-part0.pq,objectTable_tract_2903_DC2_2_2i_runs_DP0_2_v23_0_1_PREOPS-905_step3_2_20220308T164354Z-part0.pq,1807996,181489567
/lustre/t1/cl/lsst/pz_project/pcw_2023/dp0.2_pre_processed_2M_obj_per_file/objectTable_tract_3837_DC2_2_2i_runs_DP0_2_v23_0_1_PREOPS-905_step3_16_20220219T164501Z-part0.pq,objectTable_tract_3837_DC2_2_2i_runs_DP0_2_v23_0_1_PREOPS-905_step3_16_20220219T164501Z-part0.pq,1506448,150927658
/lustre/t1/cl/lsst/pz_project/pcw_2023/dp0.2_pre_processed_2M_obj_per_file/objectTable_tract_3084_DC2_2_2i_runs_DP0_2_v23_0_1_PREOPS-905_step3_5_20220218T163030Z-part0.pq,objectTable_tract_3084_DC2_2_2i_runs_DP0_2_v23_0_1_PREOPS-905_step3_5_20220218T163030Z-part0.pq,1747936,175531520
/lustre/t1/cl/lsst/pz_project/pcw_2023/dp0.2_pre_processed_2M_obj_per_file/objectTable_tract_4638_DC2_2_2i_runs_DP0_2_v23_0_1_PREOPS-905_step3_25_20220305T164554Z-part0.pq,objectTable_tract_4638_DC2_2_2i_runs_DP0_2_v23_0_1_PREOPS-905_step3_25_20220305T164554Z-part0.pq,1939023,194337462
/lustre/t1/cl/lsst/pz_project/pcw_2023/dp0.2_pre_processed_2M_obj_per_file/objectTable_tract_3632_DC2_2_2i_runs_DP0_2_v23_0_1_PREOPS-905_step3_11_20220220T032646Z-part0.pq,objectTable_tract_3632_DC2_2_2i_runs_DP0_2_v23_0_1_PREOPS-905_step3_11_20220220T032646Z-part0.pq,1808776,181517391
/lustre/t1/cl/lsst/pz_project/pcw_2023/dp0.2_pre_processed_2M_obj_per_file/objectTable_tract_3832_DC2_2_2i_runs_DP0_2_v23_0_1_PREOPS-905_step3_15_20220302T200340Z-part0.pq,objectTable_tract_3832_DC2_2_2i_runs_DP0_2_v23_0_1_PREOPS-905_step3_15_20220302T200340Z-part0.pq,1862340,186711607
/lustre/t1/cl/lsst/pz_project/pcw_2023/dp0.2_pre_processed_2M_obj_per_file/objectTable_tract_4225_DC2_2_2i_runs_DP0_2_v23_0_1_PREOPS-905_step3_19_20220302T215536Z-part0.pq,objectTable_tract_4225_DC2_2_2i_runs_DP0_2_v23_0_1_PREOPS-905_step3_19_20220302T215536Z-part0.pq,1862179,186768365
/lustre/t1/cl/lsst/pz_project/pcw_2023/dp0.2_pre_processed_2M_obj_per_file/objectTable_tract_3265_DC2_2_2i_runs_DP0_2_v23_0_1_PREOPS-905_step3_7_20220219T040206Z-part0.pq,objectTable_tract_3265_DC2_2_2i_runs_DP0_2_v23_0_1_PREOPS-905_step3_7_20220219T040206Z-part0.pq,1758172,176551106
/lustre/t1/cl/lsst/pz_project/pcw_2023/dp0.2_pre_processed_2M_obj_per_file/objectTable_tract_4026_DC2_2_2i_runs_DP0_2_v23_0_1_PREOPS-905_step3_17_20220220T035232Z-part0.pq,objectTable_tract_4026_DC2_2_2i_runs_DP0_2_v23_0_1_PREOPS-905_step3_17_20220220T035232Z-part0.pq,1890680,189407920
/lustre/t1/cl/lsst/pz_project/pcw_2023/dp0.2_pre_processed_2M_obj_per_file/objectTable_tract_3267_DC2_2_2i_runs_DP0_2_v23_0_1_PREOPS-905_step3_8_20220309T160814Z-part0.pq,objectTable_tract_3267_DC2_2_2i_runs_DP0_2_v23_0_1_PREOPS-905_step3_8_20220309T160814Z-part0.pq,1740932,174955300
/lustre/t1/cl/lsst/pz_project/pcw_2023/dp0.2_pre_processed_2M_obj_per_file/objectTable_tract_2902_DC2_2_2i_runs_DP0_2_v23_0_1_PREOPS-905_step3_2_20220308T164354Z-part0.pq,objectTable_tract_2902_DC2_2_2i_runs_DP0_2_v23_0_1_PREOPS-905_step3_2_20220308T164354Z-part0.pq,1849752,185539168
/lustre/t1/cl/lsst/pz_project/pcw_2023/dp0.2_pre_processed_2M_obj_per_file/objectTable_tract_3442_DC2_2_2i_runs_DP0_2_v23_0_1_PREOPS-905_step3_8_20220316T205925Z-part0.pq,objectTable_tract_3442_DC2_2_2i_runs_DP0_2_v23_0_1_PREOPS-905_step3_8_20220316T205925Z-part0.pq,1802458,180936796
/lustre/t1/cl/lsst/pz_project/pcw_2023/dp0.2_pre_processed_2M_obj_per_file/objectTable_tract_3256_DC2_2_2i_runs_DP0_2_v23_0_1_PREOPS-905_step3_6_20220316T192214Z-part0.pq,objectTable_tract_3256_DC2_2_2i_runs_DP0_2_v23_0_1_PREOPS-905_step3_6_20220316T192214Z-part0.pq,1687613,169130684
/lustre/t1/cl/lsst/pz_project/pcw_2023/dp0.2_pre_processed_2M_obj_per_file/objectTable_tract_4233_DC2_2_2i_runs_DP0_2_v23_0_1_PREOPS-905_step3_21_20220304T163449Z-part0.pq,objectTable_tract_4233_DC2_2_2i_runs_DP0_2_v23_0_1_PREOPS-905_step3_21_20220304T163449Z-part0.pq,1766673,177240799
/lustre/t1/cl/lsst/pz_project/pcw_2023/dp0.2_pre_processed_2M_obj_per_file/objectTable_tract_3079_DC2_2_2i_runs_DP0_2_v23_0_1_PREOPS-905_step3_4_20220315T051405Z-part0.pq,objectTable_tract_3079_DC2_2_2i_runs_DP0_2_v23_0_1_PREOPS-905_step3_4_20220315T051405Z-part0.pq,1870569,187592112
/lustre/t1/cl/lsst/pz_project/pcw_2023/dp0.2_pre_processed_2M_obj_per_file/objectTable_tract_4236_DC2_2_2i_runs_DP0_2_v23_0_1_PREOPS-905_step3_21_20220304T163449Z-part0.pq,objectTable_tract_4236_DC2_2_2i_runs_DP0_2_v23_0_1_PREOPS-905_step3_21_20220304T163449Z-part0.pq,1522274,152727421
/lustre/t1/cl/lsst/pz_project/pcw_2023/dp0.2_pre_processed_2M_obj_per_file/objectTable_tract_3639_DC2_2_2i_runs_DP0_2_v23_0_1_PREOPS-905_step3_13_20220220T142359Z-part0.pq,objectTable_tract_3639_DC2_2_2i_runs_DP0_2_v23_0_1_PREOPS-905_step3_13_20220220T142359Z-part0.pq,1810806,181789048
/lustre/t1/cl/lsst/pz_project/pcw_2023/dp0.2_pre_processed_2M_obj_per_file/objectTable_tract_2905_DC2_2_2i_runs_DP0_2_v23_0_1_PREOPS-905_step3_2_20220308T164354Z-part0.pq,objectTable_tract_2905_DC2_2_2i_runs_DP0_2_v23_0_1_PREOPS-905_step3_2_20220308T164354Z-part0.pq,1769844,177669780
/lustre/t1/cl/lsst/pz_project/pcw_2023/dp0.2_pre_processed_2M_obj_per_file/objectTable_tract_2907_DC2_2_2i_runs_DP0_2_v23_0_1_PREOPS-905_step3_3_20220309T040429Z-part0.pq,objectTable_tract_2907_DC2_2_2i_runs_DP0_2_v23_0_1_PREOPS-905_step3_3_20220309T040429Z-part0.pq,1757499,176645583
/lustre/t1/cl/lsst/pz_project/pcw_2023/dp0.2_pre_processed_2M_obj_per_file/objectTable_tract_4033_DC2_2_2i_runs_DP0_2_v23_0_1_PREOPS-905_step3_18_20220220T153612Z-part0.pq,objectTable_tract_4033_DC2_2_2i_runs_DP0_2_v23_0_1_PREOPS-905_step3_18_20220220T153612Z-part0.pq,1755907,176199270
/lustre/t1/cl/lsst/pz_project/pcw_2023/dp0.2_pre_processed_2M_obj_per_file/objectTable_tract_3638_DC2_2_2i_runs_DP0_2_v23_0_1_PREOPS-905_step3_12_20220218T172932Z-part0.pq,objectTable_tract_3638_DC2_2_2i_runs_DP0_2_v23_0_1_PREOPS-905_step3_12_20220218T172932Z-part0.pq,1895730,190017174
/lustre/t1/cl/lsst/pz_project/pcw_2023/dp0.2_pre_processed_2M_obj_per_file/objectTable_tract_4636_DC2_2_2i_runs_DP0_2_v23_0_1_PREOPS-905_step3_24_20220305T052326Z-part0.pq,objectTable_tract_4636_DC2_2_2i_runs_DP0_2_v23_0_1_PREOPS-905_step3_24_20220305T052326Z-part0.pq,1466783,147197072
/lustre/t1/cl/lsst/pz_project/pcw_2023/dp0.2_pre_processed_2M_obj_per_file/objectTable_tract_4856_DC2_2_2i_runs_DP0_2_v23_0_1_PREOPS-905_step3_28_20220314T185100Z-part0.pq,objectTable_tract_4856_DC2_2_2i_runs_DP0_2_v23_0_1_PREOPS-905_step3_28_20220314T185100Z-part0.pq,1750145,175652216
/lustre/t1/cl/lsst/pz_project/pcw_2023/dp0.2_pre_processed_2M_obj_per_file/objectTable_tract_4429_DC2_2_2i_runs_DP0_2_v23_0_1_PREOPS-905_step3_22_20220304T174139Z-part0.pq,objectTable_tract_4429_DC2_2_2i_runs_DP0_2_v23_0_1_PREOPS-905_step3_22_20220304T174139Z-part0.pq,1749912,175676009
/lustre/t1/cl/lsst/pz_project/pcw_2023/dp0.2_pre_processed_2M_obj_per_file/objectTable_tract_4436_DC2_2_2i_runs_DP0_2_v23_0_1_PREOPS-905_step3_23_20220305T044606Z-part0.pq,objectTable_tract_4436_DC2_2_2i_runs_DP0_2_v23_0_1_PREOPS-905_step3_23_20220305T044606Z-part0.pq,1815201,181759239
/lustre/t1/cl/lsst/pz_project/pcw_2023/dp0.2_pre_processed_2M_obj_per_file/objectTable_tract_3443_DC2_2_2i_runs_DP0_2_v23_0_1_PREOPS-905_step3_9_20220219T154502Z-part0.pq,objectTable_tract_3443_DC2_2_2i_runs_DP0_2_v23_0_1_PREOPS-905_step3_9_20220219T154502Z-part0.pq,1838188,184378866
/lustre/t1/cl/lsst/pz_project/pcw_2023/dp0.2_pre_processed_2M_obj_per_file/objectTable_tract_2898_DC2_2_2i_runs_DP0_2_v23_0_1_PREOPS-905_step3_1_20220308T153907Z-part0.pq,objectTable_tract_2898_DC2_2_2i_runs_DP0_2_v23_0_1_PREOPS-905_step3_1_20220308T153907Z-part0.pq,1798199,180601675
/lustre/t1/cl/lsst/pz_project/pcw_2023/dp0.2_pre_processed_2M_obj_per_file/objectTable_tract_2900_DC2_2_2i_runs_DP0_2_v23_0_1_PREOPS-905_step3_1_20220317T233937Z-part0.pq,objectTable_tract_2900_DC2_2_2i_runs_DP0_2_v23_0_1_PREOPS-905_step3_1_20220317T233937Z-part0.pq,1804766,181492728
/lustre/t1/cl/lsst/pz_project/pcw_2023/dp0.2_pre_processed_2M_obj_per_file/objectTable_tract_3077_DC2_2_2i_runs_DP0_2_v23_0_1_PREOPS-905_step3_4_20220315T051405Z-part0.pq,objectTable_tract_3077_DC2_2_2i_runs_DP0_2_v23_0_1_PREOPS-905_step3_4_20220315T051405Z-part0.pq,1809729,181642092
/lustre/t1/cl/lsst/pz_project/pcw_2023/dp0.2_pre_processed_2M_obj_per_file/objectTable_tract_3446_DC2_2_2i_runs_DP0_2_v23_0_1_PREOPS-905_step3_9_20220219T154502Z-part0.pq,objectTable_tract_3446_DC2_2_2i_runs_DP0_2_v23_0_1_PREOPS-905_step3_9_20220219T154502Z-part0.pq,1915643,191638185
/lustre/t1/cl/lsst/pz_project/pcw_2023/dp0.2_pre_processed_2M_obj_per_file/objectTable_tract_5074_DC2_2_2i_runs_DP0_2_v23_0_1_PREOPS-905_step3_31_20220314T212509Z-part0.pq,objectTable_tract_5074_DC2_2_2i_runs_DP0_2_v23_0_1_PREOPS-905_step3_31_20220314T212509Z-part0.pq,1607706,161098497
/lustre/t1/cl/lsst/pz_project/pcw_2023/dp0.2_pre_processed_2M_obj_per_file/objectTable_tract_4435_DC2_2_2i_runs_DP0_2_v23_0_1_PREOPS-905_step3_23_20220305T044606Z-part0.pq,objectTable_tract_4435_DC2_2_2i_runs_DP0_2_v23_0_1_PREOPS-905_step3_23_20220305T044606Z-part0.pq,1844328,184788883
/lustre/t1/cl/lsst/pz_project/pcw_2023/dp0.2_pre_processed_2M_obj_per_file/objectTable_tract_4852_DC2_2_2i_runs_DP0_2_v23_0_1_PREOPS-905_step3_27_20220306T050001Z-part0.pq,objectTable_tract_4852_DC2_2_2i_runs_DP0_2_v23_0_1_PREOPS-905_step3_27_20220306T050001Z-part0.pq,1887960,188843571
/lustre/t1/cl/lsst/pz_project/pcw_2023/dp0.2_pre_processed_2M_obj_per_file/objectTable_tract_3082_DC2_2_2i_runs_DP0_2_v23_0_1_PREOPS-905_step3_5_20220218T163030Z-part0.pq,objectTable_tract_3082_DC2_2_2i_runs_DP0_2_v23_0_1_PREOPS-905_step3_5_20220218T163030Z-part0.pq,1842102,184721373
/lustre/t1/cl/lsst/pz_project/pcw_2023/dp0.2_pre_processed_2M_obj_per_file/objectTable_tract_4848_DC2_2_2i_runs_DP0_2_v23_0_1_PREOPS-905_step3_32_20220407T030512Z-part0.pq,objectTable_tract_4848_DC2_2_2i_runs_DP0_2_v23_0_1_PREOPS-905_step3_32_20220407T030512Z-part0.pq,1696683,170360225
/lustre/t1/cl/lsst/pz_project/pcw_2023/dp0.2_pre_processed_2M_obj_per_file/objectTable_tract_2897_DC2_2_2i_runs_DP0_2_v23_0_1_PREOPS-905_step3_1_20220317T233937Z-part0.pq,objectTable_tract_2897_DC2_2_2i_runs_DP0_2_v23_0_1_PREOPS-905_step3_1_20220317T233937Z-part0.pq,1808055,181325941
/lustre/t1/cl/lsst/pz_project/pcw_2023/dp0.2_pre_processed_2M_obj_per_file/objectTable_tract_4032_DC2_2_2i_runs_DP0_2_v23_0_1_PREOPS-905_step3_18_20220220T153612Z-part0.pq,objectTable_tract_4032_DC2_2_2i_runs_DP0_2_v23_0_1_PREOPS-905_step3_18_20220220T153612Z-part0.pq,1781201,178739035
/lustre/t1/cl/lsst/pz_project/pcw_2023/dp0.2_pre_processed_2M_obj_per_file/objectTable_tract_5067_DC2_2_2i_runs_DP0_2_v23_0_1_PREOPS-905_step3_29_20220314T204515Z-part0.pq,objectTable_tract_5067_DC2_2_2i_runs_DP0_2_v23_0_1_PREOPS-905_step3_29_20220314T204515Z-part0.pq,1732183,173387265
/lustre/t1/cl/lsst/pz_project/pcw_2023/dp0.2_pre_processed_2M_obj_per_file/objectTable_tract_3266_DC2_2_2i_runs_DP0_2_v23_0_1_PREOPS-905_step3_8_20220316T205925Z-part0.pq,objectTable_tract_3266_DC2_2_2i_runs_DP0_2_v23_0_1_PREOPS-905_step3_8_20220316T205925Z-part0.pq,1755594,176356065
/lustre/t1/cl/lsst/pz_project/pcw_2023/dp0.2_pre_processed_2M_obj_per_file/objectTable_tract_3258_DC2_2_2i_runs_DP0_2_v23_0_1_PREOPS-905_step3_6_20220316T192214Z-part0.pq,objectTable_tract_3258_DC2_2_2i_runs_DP0_2_v23_0_1_PREOPS-905_step3_6_20220316T192214Z-part0.pq,1853043,185771768
/lustre/t1/cl/lsst/pz_project/pcw_2023/dp0.2_pre_processed_2M_obj_per_file/objectTable_tract_5070_DC2_2_2i_runs_DP0_2_v23_0_1_PREOPS-905_step3_30_20220306T160359Z-part0.pq,objectTable_tract_5070_DC2_2_2i_runs_DP0_2_v23_0_1_PREOPS-905_step3_30_20220306T160359Z-part0.pq,1599380,160798318
/lustre/t1/cl/lsst/pz_project/pcw_2023/dp0.2_pre_processed_2M_obj_per_file/objectTable_tract_3635_DC2_2_2i_runs_DP0_2_v23_0_1_PREOPS-905_step3_12_20220218T172932Z-part0.pq,objectTable_tract_3635_DC2_2_2i_runs_DP0_2_v23_0_1_PREOPS-905_step3_12_20220218T172932Z-part0.pq,1995705,199826478
/lustre/t1/cl/lsst/pz_project/pcw_2023/dp0.2_pre_processed_2M_obj_per_file/objectTable_tract_3825_DC2_2_2i_runs_DP0_2_v23_0_1_PREOPS-905_step3_14_20220219T051120Z-part0.pq,objectTable_tract_3825_DC2_2_2i_runs_DP0_2_v23_0_1_PREOPS-905_step3_14_20220219T051120Z-part0.pq,1556827,156510608
/lustre/t1/cl/lsst/pz_project/pcw_2023/dp0.2_pre_processed_2M_obj_per_file/objectTable_tract_3076_DC2_2_2i_runs_DP0_2_v23_0_1_PREOPS-905_step3_3_20220309T040429Z-part0.pq,objectTable_tract_3076_DC2_2_2i_runs_DP0_2_v23_0_1_PREOPS-905_step3_3_20220309T040429Z-part0.pq,1837716,184222830
/lustre/t1/cl/lsst/pz_project/pcw_2023/dp0.2_pre_processed_2M_obj_per_file/objectTable_tract_5065_DC2_2_2i_runs_DP0_2_v23_0_1_PREOPS-905_step3_29_20220314T204515Z-part0.pq,objectTable_tract_5065_DC2_2_2i_runs_DP0_2_v23_0_1_PREOPS-905_step3_29_20220314T204515Z-part0.pq,1831749,183368886
/lustre/t1/cl/lsst/pz_project/pcw_2023/dp0.2_pre_processed_2M_obj_per_file/objectTable_tract_4022_DC2_2_2i_runs_DP0_2_v23_0_1_PREOPS-905_step3_16_20220302T210859Z-part0.pq,objectTable_tract_4022_DC2_2_2i_runs_DP0_2_v23_0_1_PREOPS-905_step3_16_20220302T210859Z-part0.pq,1207297,121484641
/lustre/t1/cl/lsst/pz_project/pcw_2023/dp0.2_pre_processed_2M_obj_per_file/objectTable_tract_2904_DC2_2_2i_runs_DP0_2_v23_0_1_PREOPS-905_step3_2_20220308T164354Z-part0.pq,objectTable_tract_2904_DC2_2_2i_runs_DP0_2_v23_0_1_PREOPS-905_step3_2_20220308T164354Z-part0.pq,1812880,181904170
/lustre/t1/cl/lsst/pz_project/pcw_2023/dp0.2_pre_processed_2M_obj_per_file/objectTable_tract_4858_DC2_2_2i_runs_DP0_2_v23_0_1_PREOPS-905_step3_28_20220314T185100Z-part0.pq,objectTable_tract_4858_DC2_2_2i_runs_DP0_2_v23_0_1_PREOPS-905_step3_28_20220314T185100Z-part0.pq,1770405,177594834
/lustre/t1/cl/lsst/pz_project/pcw_2023/dp0.2_pre_processed_2M_obj_per_file/objectTable_tract_4035_DC2_2_2i_runs_DP0_2_v23_0_1_PREOPS-905_step3_19_20220221T031952Z-part0.pq,objectTable_tract_4035_DC2_2_2i_runs_DP0_2_v23_0_1_PREOPS-905_step3_19_20220221T031952Z-part0.pq,1291918,129561991
/lustre/t1/cl/lsst/pz_project/pcw_2023/dp0.2_pre_processed_2M_obj_per_file/objectTable_tract_3826_DC2_2_2i_runs_DP0_2_v23_0_1_PREOPS-905_step3_14_20220219T051120Z-part0.pq,objectTable_tract_3826_DC2_2_2i_runs_DP0_2_v23_0_1_PREOPS-905_step3_14_20220219T051120Z-part0.pq,1838983,184442923
/lustre/t1/cl/lsst/pz_project/pcw_2023/dp0.2_pre_processed_2M_obj_per_file/objectTable_tract_3835_DC2_2_2i_runs_DP0_2_v23_0_1_PREOPS-905_step3_16_20220219T164501Z-part0.pq,objectTable_tract_3835_DC2_2_2i_runs_DP0_2_v23_0_1_PREOPS-905_step3_16_20220219T164501Z-part0.pq,1815825,182228912
/lustre/t1/cl/lsst/pz_project/pcw_2023/dp0.2_pre_processed_2M_obj_per_file/objectTable_tract_4024_DC2_2_2i_runs_DP0_2_v23_0_1_PREOPS-905_step3_17_20220220T035232Z-part0.pq,objectTable_tract_4024_DC2_2_2i_runs_DP0_2_v23_0_1_PREOPS-905_step3_17_20220220T035232Z-part0.pq,1846269,185057734
/lustre/t1/cl/lsst/pz_project/pcw_2023/dp0.2_pre_processed_2M_obj_per_file/objectTable_tract_3264_DC2_2_2i_runs_DP0_2_v23_0_1_PREOPS-905_step3_7_20220219T040206Z-part0.pq,objectTable_tract_3264_DC2_2_2i_runs_DP0_2_v23_0_1_PREOPS-905_step3_7_20220219T040206Z-part0.pq,1788702,179431014
/lustre/t1/cl/lsst/pz_project/pcw_2023/dp0.2_pre_processed_2M_obj_per_file/objectTable_tract_3083_DC2_2_2i_runs_DP0_2_v23_0_1_PREOPS-905_step3_5_20220218T163030Z-part0.pq,objectTable_tract_3083_DC2_2_2i_runs_DP0_2_v23_0_1_PREOPS-905_step3_5_20220218T163030Z-part0.pq,1779374,178557919
/lustre/t1/cl/lsst/pz_project/pcw_2023/dp0.2_pre_processed_2M_obj_per_file/objectTable_tract_4433_DC2_2_2i_runs_DP0_2_v23_0_1_PREOPS-905_step3_22_20220304T174139Z-part0.pq,objectTable_tract_4433_DC2_2_2i_runs_DP0_2_v23_0_1_PREOPS-905_step3_22_20220304T174139Z-part0.pq,1882905,188533308
/lustre/t1/cl/lsst/pz_project/pcw_2023/dp0.2_pre_processed_2M_obj_per_file/objectTable_tract_4432_DC2_2_2i_runs_DP0_2_v23_0_1_PREOPS-905_step3_22_20220304T174139Z-part0.pq,objectTable_tract_4432_DC2_2_2i_runs_DP0_2_v23_0_1_PREOPS-905_step3_22_20220304T174139Z-part0.pq,1900691,190224079
/lustre/t1/cl/lsst/pz_project/pcw_2023/dp0.2_pre_processed_2M_obj_per_file/objectTable_tract_4227_DC2_2_2i_runs_DP0_2_v23_0_1_PREOPS-905_step3_20_20220303T145311Z-part0.pq,objectTable_tract_4227_DC2_2_2i_runs_DP0_2_v23_0_1_PREOPS-905_step3_20_20220303T145311Z-part0.pq,1955839,195475065
/lustre/t1/cl/lsst/pz_project/pcw_2023/dp0.2_pre_processed_2M_obj_per_file/objectTable_tract_3831_DC2_2_2i_runs_DP0_2_v23_0_1_PREOPS-905_step3_15_20220302T200340Z-part0.pq,objectTable_tract_3831_DC2_2_2i_runs_DP0_2_v23_0_1_PREOPS-905_step3_15_20220302T200340Z-part0.pq,1929408,193122802
/lustre/t1/cl/lsst/pz_project/pcw_2023/dp0.2_pre_processed_2M_obj_per_file/objectTable_tract_4439_DC2_2_2i_runs_DP0_2_v23_0_1_PREOPS-905_step3_24_20220305T052326Z-part0.pq,objectTable_tract_4439_DC2_2_2i_runs_DP0_2_v23_0_1_PREOPS-905_step3_24_20220305T052326Z-part0.pq,1726812,173635051
/lustre/t1/cl/lsst/pz_project/pcw_2023/dp0.2_pre_processed_2M_obj_per_file/objectTable_tract_4431_DC2_2_2i_runs_DP0_2_v23_0_1_PREOPS-905_step3_22_20220304T174139Z-part0.pq,objectTable_tract_4431_DC2_2_2i_runs_DP0_2_v23_0_1_PREOPS-905_step3_22_20220304T174139Z-part0.pq,1924466,192722357
/lustre/t1/cl/lsst/pz_project/pcw_2023/dp0.2_pre_processed_2M_obj_per_file/objectTable_tract_3637_DC2_2_2i_runs_DP0_2_v23_0_1_PREOPS-905_step3_12_20220218T172932Z-part0.pq,objectTable_tract_3637_DC2_2_2i_runs_DP0_2_v23_0_1_PREOPS-905_step3_12_20220218T172932Z-part0.pq,1980680,198022501
/lustre/t1/cl/lsst/pz_project/pcw_2023/dp0.2_pre_processed_2M_obj_per_file/objectTable_tract_3643_DC2_2_2i_runs_DP0_2_v23_0_1_PREOPS-905_step3_13_20220220T142359Z-part0.pq,objectTable_tract_3643_DC2_2_2i_runs_DP0_2_v23_0_1_PREOPS-905_step3_13_20220220T142359Z-part0.pq,1598408,160213009
/lustre/t1/cl/lsst/pz_project/pcw_2023/dp0.2_pre_processed_2M_obj_per_file/objectTable_tract_4857_DC2_2_2i_runs_DP0_2_v23_0_1_PREOPS-905_step3_28_20220306T041600Z-part0.pq,objectTable_tract_4857_DC2_2_2i_runs_DP0_2_v23_0_1_PREOPS-905_step3_28_20220306T041600Z-part0.pq,1744309,175259178
/lustre/t1/cl/lsst/pz_project/pcw_2023/dp0.2_pre_processed_2M_obj_per_file/objectTable_tract_4641_DC2_2_2i_runs_DP0_2_v23_0_1_PREOPS-905_step3_25_20220305T164554Z-part0.pq,objectTable_tract_4641_DC2_2_2i_runs_DP0_2_v23_0_1_PREOPS-905_step3_25_20220305T164554Z-part0.pq,1903961,190607494
/lustre/t1/cl/lsst/pz_project/pcw_2023/dp0.2_pre_processed_2M_obj_per_file/objectTable_tract_5073_DC2_2_2i_runs_DP0_2_v23_0_1_PREOPS-905_step3_31_20220314T212509Z-part0.pq,objectTable_tract_5073_DC2_2_2i_runs_DP0_2_v23_0_1_PREOPS-905_step3_31_20220314T212509Z-part0.pq,1667504,167387897
/lustre/t1/cl/lsst/pz_project/pcw_2023/dp0.2_pre_processed_2M_obj_per_file/objectTable_tract_3444_DC2_2_2i_runs_DP0_2_v23_0_1_PREOPS-905_step3_9_20220219T154502Z-part0.pq,objectTable_tract_3444_DC2_2_2i_runs_DP0_2_v23_0_1_PREOPS-905_step3_9_20220219T154502Z-part0.pq,1858307,186118347
/lustre/t1/cl/lsst/pz_project/pcw_2023/dp0.2_pre_processed_2M_obj_per_file/objectTable_tract_4234_DC2_2_2i_runs_DP0_2_v23_0_1_PREOPS-905_step3_21_20220304T163449Z-part0.pq,objectTable_tract_4234_DC2_2_2i_runs_DP0_2_v23_0_1_PREOPS-905_step3_21_20220304T163449Z-part0.pq,1735278,174463906
/lustre/t1/cl/lsst/pz_project/pcw_2023/dp0.2_pre_processed_2M_obj_per_file/objectTable_tract_3441_DC2_2_2i_runs_DP0_2_v23_0_1_PREOPS-905_step3_8_20220309T160814Z-part0.pq,objectTable_tract_3441_DC2_2_2i_runs_DP0_2_v23_0_1_PREOPS-905_step3_8_20220309T160814Z-part0.pq,1287432,129125559
/lustre/t1/cl/lsst/pz_project/pcw_2023/dp0.2_pre_processed_2M_obj_per_file/objectTable_tract_4029_DC2_2_2i_runs_DP0_2_v23_0_1_PREOPS-905_step3_18_20220220T153612Z-part0.pq,objectTable_tract_4029_DC2_2_2i_runs_DP0_2_v23_0_1_PREOPS-905_step3_18_20220220T153612Z-part0.pq,1902181,190513330
/lustre/t1/cl/lsst/pz_project/pcw_2023/dp0.2_pre_processed_2M_obj_per_file/objectTable_tract_4644_DC2_2_2i_runs_DP0_2_v23_0_1_PREOPS-905_step3_26_20220305T162808Z-part0.pq,objectTable_tract_4644_DC2_2_2i_runs_DP0_2_v23_0_1_PREOPS-905_step3_26_20220305T162808Z-part0.pq,1785446,178942104
/lustre/t1/cl/lsst/pz_project/pcw_2023/dp0.2_pre_processed_2M_obj_per_file/objectTable_tract_4854_DC2_2_2i_runs_DP0_2_v23_0_1_PREOPS-905_step3_28_20220306T041600Z-part0.pq,objectTable_tract_4854_DC2_2_2i_runs_DP0_2_v23_0_1_PREOPS-905_step3_28_20220306T041600Z-part0.pq,1821408,182519164
/lustre/t1/cl/lsst/pz_project/pcw_2023/dp0.2_pre_processed_2M_obj_per_file/objectTable_tract_4859_DC2_2_2i_runs_DP0_2_v23_0_1_PREOPS-905_step3_29_20220314T204515Z-part0.pq,objectTable_tract_4859_DC2_2_2i_runs_DP0_2_v23_0_1_PREOPS-905_step3_29_20220314T204515Z-part0.pq,1763511,176940491
/lustre/t1/cl/lsst/pz_project/pcw_2023/dp0.2_pre_processed_2M_obj_per_file/objectTable_tract_3260_DC2_2_2i_runs_DP0_2_v23_0_1_PREOPS-905_step3_6_20220318T134046Z-part0.pq,objectTable_tract_3260_DC2_2_2i_runs_DP0_2_v23_0_1_PREOPS-905_step3_6_20220318T134046Z-part0.pq,1824372,182897871
/lustre/t1/cl/lsst/pz_project/pcw_2023/dp0.2_pre_processed_2M_obj_per_file/objectTable_tract_3641_DC2_2_2i_runs_DP0_2_v23_0_1_PREOPS-905_step3_13_20220302T190942Z-part0.pq,objectTable_tract_3641_DC2_2_2i_runs_DP0_2_v23_0_1_PREOPS-905_step3_13_20220302T190942Z-part0.pq,1793792,180116673
/lustre/t1/cl/lsst/pz_project/pcw_2023/dp0.2_pre_processed_2M_obj_per_file/objectTable_tract_4438_DC2_2_2i_runs_DP0_2_v23_0_1_PREOPS-905_step3_23_20220305T044606Z-part0.pq,objectTable_tract_4438_DC2_2_2i_runs_DP0_2_v23_0_1_PREOPS-905_step3_23_20220305T044606Z-part0.pq,1745318,175374494
/lustre/t1/cl/lsst/pz_project/pcw_2023/dp0.2_pre_processed_2M_obj_per_file/objectTable_tract_4434_DC2_2_2i_runs_DP0_2_v23_0_1_PREOPS-905_step3_23_20220305T044606Z-part0.pq,objectTable_tract_4434_DC2_2_2i_runs_DP0_2_v23_0_1_PREOPS-905_step3_23_20220305T044606Z-part0.pq,1884021,188657803
/lustre/t1/cl/lsst/pz_project/pcw_2023/dp0.2_pre_processed_2M_obj_per_file/objectTable_tract_4228_DC2_2_2i_runs_DP0_2_v23_0_1_PREOPS-905_step3_20_20220225T211807Z-part0.pq,objectTable_tract_4228_DC2_2_2i_runs_DP0_2_v23_0_1_PREOPS-905_step3_20_20220225T211807Z-part0.pq,1952602,195318283
/lustre/t1/cl/lsst/pz_project/pcw_2023/dp0.2_pre_processed_2M_obj_per_file/objectTable_tract_4647_DC2_2_2i_runs_DP0_2_v23_0_1_PREOPS-905_step3_26_20220305T162808Z-part0.pq,objectTable_tract_4647_DC2_2_2i_runs_DP0_2_v23_0_1_PREOPS-905_step3_26_20220305T162808Z-part0.pq,1723396,173224117
/lustre/t1/cl/lsst/pz_project/pcw_2023/dp0.2_pre_processed_2M_obj_per_file/objectTable_tract_3454_DC2_2_2i_runs_DP0_2_v23_0_1_PREOPS-905_step3_11_20220220T032646Z-part0.pq,objectTable_tract_3454_DC2_2_2i_runs_DP0_2_v23_0_1_PREOPS-905_step3_11_20220220T032646Z-part0.pq,1157576,116519044
/lustre/t1/cl/lsst/pz_project/pcw_2023/dp0.2_pre_processed_2M_obj_per_file/objectTable_tract_5071_DC2_2_2i_runs_DP0_2_v23_0_1_PREOPS-905_step3_30_20220306T160359Z-part0.pq,objectTable_tract_5071_DC2_2_2i_runs_DP0_2_v23_0_1_PREOPS-905_step3_30_20220306T160359Z-part0.pq,1625162,163218464
/lustre/t1/cl/lsst/pz_project/pcw_2023/dp0.2_pre_processed_2M_obj_per_file/objectTable_tract_5063_DC2_2_2i_runs_DP0_2_v23_0_1_PREOPS-905_step3_32_20220410T153911Z-part0.pq,objectTable_tract_5063_DC2_2_2i_runs_DP0_2_v23_0_1_PREOPS-905_step3_32_20220410T153911Z-part0.pq,1742057,174847690
/lustre/t1/cl/lsst/pz_project/pcw_2023/dp0.2_pre_processed_2M_obj_per_file/objectTable_tract_5068_DC2_2_2i_runs_DP0_2_v23_0_1_PREOPS-905_step3_30_20220306T160359Z-part0.pq,objectTable_tract_5068_DC2_2_2i_runs_DP0_2_v23_0_1_PREOPS-905_step3_30_20220306T160359Z-part0.pq,1682958,168851353
/lustre/t1/cl/lsst/pz_project/pcw_2023/dp0.2_pre_processed_2M_obj_per_file/objectTable_tract_4023_DC2_2_2i_runs_DP0_2_v23_0_1_PREOPS-905_step3_16_20220219T164501Z-part0.pq,objectTable_tract_4023_DC2_2_2i_runs_DP0_2_v23_0_1_PREOPS-905_step3_16_20220219T164501Z-part0.pq,1778856,178526878
/lustre/t1/cl/lsst/pz_project/pcw_2023/dp0.2_pre_processed_2M_obj_per_file/objectTable_tract_3634_DC2_2_2i_runs_DP0_2_v23_0_1_PREOPS-905_step3_12_20220218T172932Z-part0.pq,objectTable_tract_3634_DC2_2_2i_runs_DP0_2_v23_0_1_PREOPS-905_step3_12_20220218T172932Z-part0.pq,1952036,195339442
/lustre/t1/cl/lsst/pz_project/pcw_2023/dp0.2_pre_processed_2M_obj_per_file/objectTable_tract_4849_DC2_2_2i_runs_DP0_2_v23_0_1_PREOPS-905_step3_32_20220410T130944Z-part0.pq,objectTable_tract_4849_DC2_2_2i_runs_DP0_2_v23_0_1_PREOPS-905_step3_32_20220410T130944Z-part0.pq,1857688,186570819
/lustre/t1/cl/lsst/pz_project/pcw_2023/dp0.2_pre_processed_2M_obj_per_file/objectTable_tract_4229_DC2_2_2i_runs_DP0_2_v23_0_1_PREOPS-905_step3_20_20220225T211807Z-part0.pq,objectTable_tract_4229_DC2_2_2i_runs_DP0_2_v23_0_1_PREOPS-905_step3_20_20220225T211807Z-part0.pq,1915450,191876459
/lustre/t1/cl/lsst/pz_project/pcw_2023/dp0.2_pre_processed_2M_obj_per_file/objectTable_tract_3259_DC2_2_2i_runs_DP0_2_v23_0_1_PREOPS-905_step3_6_20220316T192214Z-part0.pq,objectTable_tract_3259_DC2_2_2i_runs_DP0_2_v23_0_1_PREOPS-905_step3_6_20220316T192214Z-part0.pq,1818589,182168169
/lustre/t1/cl/lsst/pz_project/pcw_2023/dp0.2_pre_processed_2M_obj_per_file/objectTable_tract_3447_DC2_2_2i_runs_DP0_2_v23_0_1_PREOPS-905_step3_9_20220302T181001Z-part0.pq,objectTable_tract_3447_DC2_2_2i_runs_DP0_2_v23_0_1_PREOPS-905_step3_9_20220302T181001Z-part0.pq,1896586,189972527
/lustre/t1/cl/lsst/pz_project/pcw_2023/dp0.2_pre_processed_2M_obj_per_file/objectTable_tract_5064_DC2_2_2i_runs_DP0_2_v23_0_1_PREOPS-905_step3_32_20220407T030512Z-part0.pq,objectTable_tract_5064_DC2_2_2i_runs_DP0_2_v23_0_1_PREOPS-905_step3_32_20220407T030512Z-part0.pq,1766560,177291983
/lustre/t1/cl/lsst/pz_project/pcw_2023/dp0.2_pre_processed_2M_obj_per_file/objectTable_tract_3642_DC2_2_2i_runs_DP0_2_v23_0_1_PREOPS-905_step3_13_20220220T142359Z-part0.pq,objectTable_tract_3642_DC2_2_2i_runs_DP0_2_v23_0_1_PREOPS-905_step3_13_20220220T142359Z-part0.pq,1817228,182163759
/lustre/t1/cl/lsst/pz_project/pcw_2023/dp0.2_pre_processed_2M_obj_per_file/objectTable_tract_4642_DC2_2_2i_runs_DP0_2_v23_0_1_PREOPS-905_step3_25_20220305T164554Z-part0.pq,objectTable_tract_4642_DC2_2_2i_runs_DP0_2_v23_0_1_PREOPS-905_step3_25_20220305T164554Z-part0.pq,1905585,190839384
/lustre/t1/cl/lsst/pz_project/pcw_2023/dp0.2_pre_processed_2M_obj_per_file/objectTable_tract_4430_DC2_2_2i_runs_DP0_2_v23_0_1_PREOPS-905_step3_22_20220304T174139Z-part0.pq,objectTable_tract_4430_DC2_2_2i_runs_DP0_2_v23_0_1_PREOPS-905_step3_22_20220304T174139Z-part0.pq,1917487,192149048
/lustre/t1/cl/lsst/pz_project/pcw_2023/dp0.2_pre_processed_2M_obj_per_file/objectTable_tract_4230_DC2_2_2i_runs_DP0_2_v23_0_1_PREOPS-905_step3_20_20220303T145311Z-part0.pq,objectTable_tract_4230_DC2_2_2i_runs_DP0_2_v23_0_1_PREOPS-905_step3_20_20220303T145311Z-part0.pq,1873554,187898370
/lustre/t1/cl/lsst/pz_project/pcw_2023/dp0.2_pre_processed_2M_obj_per_file/objectTable_tract_3640_DC2_2_2i_runs_DP0_2_v23_0_1_PREOPS-905_step3_13_20220220T142359Z-part0.pq,objectTable_tract_3640_DC2_2_2i_runs_DP0_2_v23_0_1_PREOPS-905_step3_13_20220220T142359Z-part0.pq,1791478,179744252
/lustre/t1/cl/lsst/pz_project/pcw_2023/dp0.2_pre_processed_2M_obj_per_file/objectTable_tract_4643_DC2_2_2i_runs_DP0_2_v23_0_1_PREOPS-905_step3_26_20220305T162808Z-part0.pq,objectTable_tract_4643_DC2_2_2i_runs_DP0_2_v23_0_1_PREOPS-905_step3_26_20220305T162808Z-part0.pq,1852455,185690655
/lustre/t1/cl/lsst/pz_project/pcw_2023/dp0.2_pre_processed_2M_obj_per_file/objectTable_tract_3833_DC2_2_2i_runs_DP0_2_v23_0_1_PREOPS-905_step3_15_20220221T015820Z-part0.pq,objectTable_tract_3833_DC2_2_2i_runs_DP0_2_v23_0_1_PREOPS-905_step3_15_20220221T015820Z-part0.pq,1784280,179081520
/lustre/t1/cl/lsst/pz_project/pcw_2023/dp0.2_pre_processed_2M_obj_per_file/objectTable_tract_4030_DC2_2_2i_runs_DP0_2_v23_0_1_PREOPS-905_step3_18_20220220T153612Z-part0.pq,objectTable_tract_4030_DC2_2_2i_runs_DP0_2_v23_0_1_PREOPS-905_step3_18_20220220T153612Z-part0.pq,1808182,181365803
/lustre/t1/cl/lsst/pz_project/pcw_2023/dp0.2_pre_processed_2M_obj_per_file/objectTable_tract_3453_DC2_2_2i_runs_DP0_2_v23_0_1_PREOPS-905_step3_11_20220220T032646Z-part0.pq,objectTable_tract_3453_DC2_2_2i_runs_DP0_2_v23_0_1_PREOPS-905_step3_11_20220220T032646Z-part0.pq,1696408,170303916
/lustre/t1/cl/lsst/pz_project/pcw_2023/dp0.2_pre_processed_2M_obj_per_file/objectTable_tract_3450_DC2_2_2i_runs_DP0_2_v23_0_1_PREOPS-905_step3_10_20220315T122041Z-part0.pq,objectTable_tract_3450_DC2_2_2i_runs_DP0_2_v23_0_1_PREOPS-905_step3_10_20220315T122041Z-part0.pq,1785265,179086352
/lustre/t1/cl/lsst/pz_project/pcw_2023/dp0.2_pre_processed_2M_obj_per_file/objectTable_tract_3830_DC2_2_2i_runs_DP0_2_v23_0_1_PREOPS-905_step3_15_20220302T200340Z-part0.pq,objectTable_tract_3830_DC2_2_2i_runs_DP0_2_v23_0_1_PREOPS-905_step3_15_20220302T200340Z-part0.pq,1946293,194854422
/lustre/t1/cl/lsst/pz_project/pcw_2023/dp0.2_pre_processed_2M_obj_per_file/objectTable_tract_4639_DC2_2_2i_runs_DP0_2_v23_0_1_PREOPS-905_step3_25_20220305T164554Z-part0.pq,objectTable_tract_4639_DC2_2_2i_runs_DP0_2_v23_0_1_PREOPS-905_step3_25_20220305T164554Z-part0.pq,1879270,188273316
/lustre/t1/cl/lsst/pz_project/pcw_2023/dp0.2_pre_processed_2M_obj_per_file/objectTable_tract_4034_DC2_2_2i_runs_DP0_2_v23_0_1_PREOPS-905_step3_19_20220302T215536Z-part0.pq,objectTable_tract_4034_DC2_2_2i_runs_DP0_2_v23_0_1_PREOPS-905_step3_19_20220302T215536Z-part0.pq,1753652,175980111
/lustre/t1/cl/lsst/pz_project/pcw_2023/dp0.2_pre_processed_2M_obj_per_file/objectTable_tract_3448_DC2_2_2i_runs_DP0_2_v23_0_1_PREOPS-905_step3_10_20220315T122041Z-part0.pq,objectTable_tract_3448_DC2_2_2i_runs_DP0_2_v23_0_1_PREOPS-905_step3_10_20220315T122041Z-part0.pq,1820165,182476051
/lustre/t1/cl/lsst/pz_project/pcw_2023/dp0.2_pre_processed_2M_obj_per_file/objectTable_tract_2908_DC2_2_2i_runs_DP0_2_v23_0_1_PREOPS-905_step3_3_20220309T040429Z-part0.pq,objectTable_tract_2908_DC2_2_2i_runs_DP0_2_v23_0_1_PREOPS-905_step3_3_20220309T040429Z-part0.pq,1737354,174440362
/lustre/t1/cl/lsst/pz_project/pcw_2023/dp0.2_pre_processed_2M_obj_per_file/objectTable_tract_3261_DC2_2_2i_runs_DP0_2_v23_0_1_PREOPS-905_step3_7_20220219T040206Z-part0.pq,objectTable_tract_3261_DC2_2_2i_runs_DP0_2_v23_0_1_PREOPS-905_step3_7_20220219T040206Z-part0.pq,1843883,184951336
/lustre/t1/cl/lsst/pz_project/pcw_2023/dp0.2_pre_processed_2M_obj_per_file/objectTable_tract_5072_DC2_2_2i_runs_DP0_2_v23_0_1_PREOPS-905_step3_30_20220314T194916Z-part0.pq,objectTable_tract_5072_DC2_2_2i_runs_DP0_2_v23_0_1_PREOPS-905_step3_30_20220314T194916Z-part0.pq,1629900,163728686
/lustre/t1/cl/lsst/pz_project/pcw_2023/dp0.2_pre_processed_2M_obj_per_file/objectTable_tract_3834_DC2_2_2i_runs_DP0_2_v23_0_1_PREOPS-905_step3_15_20220221T015820Z-part0.pq,objectTable_tract_3834_DC2_2_2i_runs_DP0_2_v23_0_1_PREOPS-905_step3_15_20220221T015820Z-part0.pq,1819135,182468313
/lustre/t1/cl/lsst/pz_project/pcw_2023/dp0.2_pre_processed_2M_obj_per_file/objectTable_tract_3085_DC2_2_2i_runs_DP0_2_v23_0_1_PREOPS-905_step3_5_20220218T163030Z-part0.pq,objectTable_tract_3085_DC2_2_2i_runs_DP0_2_v23_0_1_PREOPS-905_step3_5_20220218T163030Z-part0.pq,1749397,175875336
/lustre/t1/cl/lsst/pz_project/pcw_2023/dp0.2_pre_processed_2M_obj_per_file/objectTable_tract_4226_DC2_2_2i_runs_DP0_2_v23_0_1_PREOPS-905_step3_19_20220302T215536Z-part0.pq,objectTable_tract_4226_DC2_2_2i_runs_DP0_2_v23_0_1_PREOPS-905_step3_19_20220302T215536Z-part0.pq,1905699,191065187
/lustre/t1/cl/lsst/pz_project/pcw_2023/dp0.2_pre_processed_2M_obj_per_file/objectTable_tract_3452_DC2_2_2i_runs_DP0_2_v23_0_1_PREOPS-905_step3_10_20220315T122041Z-part0.pq,objectTable_tract_3452_DC2_2_2i_runs_DP0_2_v23_0_1_PREOPS-905_step3_10_20220315T122041Z-part0.pq,1760936,176813111
/lustre/t1/cl/lsst/pz_project/pcw_2023/dp0.2_pre_processed_2M_obj_per_file/objectTable_tract_3257_DC2_2_2i_runs_DP0_2_v23_0_1_PREOPS-905_step3_6_20220316T192214Z-part0.pq,objectTable_tract_3257_DC2_2_2i_runs_DP0_2_v23_0_1_PREOPS-905_step3_6_20220316T192214Z-part0.pq,1859335,186440469
/lustre/t1/cl/lsst/pz_project/pcw_2023/dp0.2_pre_processed_2M_obj_per_file/objectTable_tract_4860_DC2_2_2i_runs_DP0_2_v23_0_1_PREOPS-905_step3_29_20220306T172459Z-part0.pq,objectTable_tract_4860_DC2_2_2i_runs_DP0_2_v23_0_1_PREOPS-905_step3_29_20220306T172459Z-part0.pq,1395536,139838513
/lustre/t1/cl/lsst/pz_project/pcw_2023/dp0.2_pre_processed_2M_obj_per_file/objectTable_tract_4224_DC2_2_2i_runs_DP0_2_v23_0_1_PREOPS-905_step3_19_20220302T215536Z-part0.pq,objectTable_tract_4224_DC2_2_2i_runs_DP0_2_v23_0_1_PREOPS-905_step3_19_20220302T215536Z-part0.pq,1531574,153748742
/lustre/t1/cl/lsst/pz_project/pcw_2023/dp0.2_pre_processed_2M_obj_per_file/objectTable_tract_3828_DC2_2_2i_runs_DP0_2_v23_0_1_PREOPS-905_step3_14_20220219T051120Z-part0.pq,objectTable_tract_3828_DC2_2_2i_runs_DP0_2_v23_0_1_PREOPS-905_step3_14_20220219T051120Z-part0.pq,1933762,193633867
/lustre/t1/cl/lsst/pz_project/pcw_2023/dp0.2_pre_processed_2M_obj_per_file/objectTable_tract_3078_DC2_2_2i_runs_DP0_2_v23_0_1_PREOPS-905_step3_4_20220315T051405Z-part0.pq,objectTable_tract_3078_DC2_2_2i_runs_DP0_2_v23_0_1_PREOPS-905_step3_4_20220315T051405Z-part0.pq,1818622,182416841
/lustre/t1/cl/lsst/pz_project/pcw_2023/dp0.2_pre_processed_2M_obj_per_file/objectTable_tract_4645_DC2_2_2i_runs_DP0_2_v23_0_1_PREOPS-905_step3_26_20220305T162808Z-part0.pq,objectTable_tract_4645_DC2_2_2i_runs_DP0_2_v23_0_1_PREOPS-905_step3_26_20220305T162808Z-part0.pq,1773370,178000554
/lustre/t1/cl/lsst/pz_project/pcw_2023/dp0.2_pre_processed_2M_obj_per_file/objectTable_tract_3263_DC2_2_2i_runs_DP0_2_v23_0_1_PREOPS-905_step3_7_20220219T040206Z-part0.pq,objectTable_tract_3263_DC2_2_2i_runs_DP0_2_v23_0_1_PREOPS-905_step3_7_20220219T040206Z-part0.pq,1789995,179451528
/lustre/t1/cl/lsst/pz_project/pcw_2023/dp0.2_pre_processed_2M_obj_per_file/objectTable_tract_4235_DC2_2_2i_runs_DP0_2_v23_0_1_PREOPS-905_step3_21_20220314T170839Z-part0.pq,objectTable_tract_4235_DC2_2_2i_runs_DP0_2_v23_0_1_PREOPS-905_step3_21_20220314T170839Z-part0.pq,1745474,175429452
/lustre/t1/cl/lsst/pz_project/pcw_2023/dp0.2_pre_processed_2M_obj_per_file/objectTable_tract_4640_DC2_2_2i_runs_DP0_2_v23_0_1_PREOPS-905_step3_25_20220305T164554Z-part0.pq,objectTable_tract_4640_DC2_2_2i_runs_DP0_2_v23_0_1_PREOPS-905_step3_25_20220305T164554Z-part0.pq,1872809,187599267
/lustre/t1/cl/lsst/pz_project/pcw_2023/dp0.2_pre_processed_2M_obj_per_file/objectTable_tract_4440_DC2_2_2i_runs_DP0_2_v23_0_1_PREOPS-905_step3_24_20220305T052326Z-part0.pq,objectTable_tract_4440_DC2_2_2i_runs_DP0_2_v23_0_1_PREOPS-905_step3_24_20220305T052326Z-part0.pq,1717955,172633222
/lustre/t1/cl/lsst/pz_project/pcw_2023/dp0.2_pre_processed_2M_obj_per_file/objectTable_tract_4646_DC2_2_2i_runs_DP0_2_v23_0_1_PREOPS-905_step3_26_20220305T162808Z-part0.pq,objectTable_tract_4646_DC2_2_2i_runs_DP0_2_v23_0_1_PREOPS-905_step3_26_20220305T162808Z-part0.pq,1741836,175024974
/lustre/t1/cl/lsst/pz_project/pcw_2023/dp0.2_pre_processed_2M_obj_per_file/objectTable_tract_4648_DC2_2_2i_runs_DP0_2_v23_0_1_PREOPS-905_step3_27_20220322T202545Z-part0.pq,objectTable_tract_4648_DC2_2_2i_runs_DP0_2_v23_0_1_PREOPS-905_step3_27_20220322T202545Z-part0.pq,1609132,161410820
/lustre/t1/cl/lsst/pz_project/pcw_2023/dp0.2_pre_processed_2M_obj_per_file/objectTable_tract_3081_DC2_2_2i_runs_DP0_2_v23_0_1_PREOPS-905_step3_4_20220309T042312Z-part0.pq,objectTable_tract_3081_DC2_2_2i_runs_DP0_2_v23_0_1_PREOPS-905_step3_4_20220309T042312Z-part0.pq,1850862,185432856
/lustre/t1/cl/lsst/pz_project/pcw_2023/dp0.2_pre_processed_2M_obj_per_file/objectTable_tract_3075_DC2_2_2i_runs_DP0_2_v23_0_1_PREOPS-905_step3_3_20220315T012904Z-part0.pq,objectTable_tract_3075_DC2_2_2i_runs_DP0_2_v23_0_1_PREOPS-905_step3_3_20220315T012904Z-part0.pq,1845587,185048816
/lustre/t1/cl/lsst/pz_project/pcw_2023/dp0.2_pre_processed_2M_obj_per_file/objectTable_tract_3262_DC2_2_2i_runs_DP0_2_v23_0_1_PREOPS-905_step3_7_20220219T040206Z-part0.pq,objectTable_tract_3262_DC2_2_2i_runs_DP0_2_v23_0_1_PREOPS-905_step3_7_20220219T040206Z-part0.pq,1828949,183521547
/lustre/t1/cl/lsst/pz_project/pcw_2023/dp0.2_pre_processed_2M_obj_per_file/objectTable_tract_3836_DC2_2_2i_runs_DP0_2_v23_0_1_PREOPS-905_step3_16_20220219T164501Z-part0.pq,objectTable_tract_3836_DC2_2_2i_runs_DP0_2_v23_0_1_PREOPS-905_step3_16_20220219T164501Z-part0.pq,1817893,182220646
/lustre/t1/cl/lsst/pz_project/pcw_2023/dp0.2_pre_processed_2M_obj_per_file/objectTable_tract_5062_DC2_2_2i_runs_DP0_2_v23_0_1_PREOPS-905_step3_32_20220407T030512Z-part0.pq,objectTable_tract_5062_DC2_2_2i_runs_DP0_2_v23_0_1_PREOPS-905_step3_32_20220407T030512Z-part0.pq,1348539,135353978
/lustre/t1/cl/lsst/pz_project/pcw_2023/dp0.2_pre_processed_2M_obj_per_file/objectTable_tract_4025_DC2_2_2i_runs_DP0_2_v23_0_1_PREOPS-905_step3_17_20220220T035232Z-part0.pq,objectTable_tract_4025_DC2_2_2i_runs_DP0_2_v23_0_1_PREOPS-905_step3_17_20220220T035232Z-part0.pq,1867263,187157045
/lustre/t1/cl/lsst/pz_project/pcw_2023/dp0.2_pre_processed_2M_obj_per_file/objectTable_tract_3080_DC2_2_2i_runs_DP0_2_v23_0_1_PREOPS-905_step3_4_20220309T042312Z-part0.pq,objectTable_tract_3080_DC2_2_2i_runs_DP0_2_v23_0_1_PREOPS-905_step3_4_20220309T042312Z-part0.pq,1851330,185673124
/lustre/t1/cl/lsst/pz_project/pcw_2023/dp0.2_pre_processed_2M_obj_per_file/objectTable_tract_4028_DC2_2_2i_runs_DP0_2_v23_0_1_PREOPS-905_step3_17_20220220T035232Z-part0.pq,objectTable_tract_4028_DC2_2_2i_runs_DP0_2_v23_0_1_PREOPS-905_step3_17_20220220T035232Z-part0.pq,1855951,186107063
/lustre/t1/cl/lsst/pz_project/pcw_2023/dp0.2_pre_processed_2M_obj_per_file/objectTable_tract_3633_DC2_2_2i_runs_DP0_2_v23_0_1_PREOPS-905_step3_11_20220220T032646Z-part0.pq,objectTable_tract_3633_DC2_2_2i_runs_DP0_2_v23_0_1_PREOPS-905_step3_11_20220220T032646Z-part0.pq,1867835,187138889
/lustre/t1/cl/lsst/pz_project/pcw_2023/dp0.2_pre_processed_2M_obj_per_file/objectTable_tract_4853_DC2_2_2i_runs_DP0_2_v23_0_1_PREOPS-905_step3_27_20220316T171018Z-part0.pq,objectTable_tract_4853_DC2_2_2i_runs_DP0_2_v23_0_1_PREOPS-905_step3_27_20220316T171018Z-part0.pq,1871485,187482727
/lustre/t1/cl/lsst/pz_project/pcw_2023/dp0.2_pre_processed_2M_obj_per_file/objectTable_tract_2906_DC2_2_2i_runs_DP0_2_v23_0_1_PREOPS-905_step3_2_20220308T164354Z-part0.pq,objectTable_tract_2906_DC2_2_2i_runs_DP0_2_v23_0_1_PREOPS-905_step3_2_20220308T164354Z-part0.pq,1745024,175383045
/lustre/t1/cl/lsst/pz_project/pcw_2023/dp0.2_pre_processed_2M_obj_per_file/objectTable_tract_5069_DC2_2_2i_runs_DP0_2_v23_0_1_PREOPS-905_step3_30_20220306T160359Z-part0.pq,objectTable_tract_5069_DC2_2_2i_runs_DP0_2_v23_0_1_PREOPS-905_step3_30_20220306T160359Z-part0.pq,1669945,167725221
/lustre/t1/cl/lsst/pz_project/pcw_2023/dp0.2_pre_processed_2M_obj_per_file/objectTable_tract_4027_DC2_2_2i_runs_DP0_2_v23_0_1_PREOPS-905_step3_17_20220220T035232Z-part0.pq,objectTable_tract_4027_DC2_2_2i_runs_DP0_2_v23_0_1_PREOPS-905_step3_17_20220220T035232Z-part0.pq,1888753,189155785
/lustre/t1/cl/lsst/pz_project/pcw_2023/dp0.2_pre_processed_2M_obj_per_file/objectTable_tract_3449_DC2_2_2i_runs_DP0_2_v23_0_1_PREOPS-905_step3_10_20220310T050847Z-part0.pq,objectTable_tract_3449_DC2_2_2i_runs_DP0_2_v23_0_1_PREOPS-905_step3_10_20220310T050847Z-part0.pq,1807617,181422610
/lustre/t1/cl/lsst/pz_project/pcw_2023/dp0.2_pre_processed_2M_obj_per_file/objectTable_tract_5066_DC2_2_2i_runs_DP0_2_v23_0_1_PREOPS-905_step3_29_20220314T204515Z-part0.pq,objectTable_tract_5066_DC2_2_2i_runs_DP0_2_v23_0_1_PREOPS-905_step3_29_20220314T204515Z-part0.pq,1843215,184157194
/lustre/t1/cl/lsst/pz_project/pcw_2023/dp0.2_pre_processed_2M_obj_per_file/objectTable_tract_4437_DC2_2_2i_runs_DP0_2_v23_0_1_PREOPS-905_step3_23_20220305T044606Z-part0.pq,objectTable_tract_4437_DC2_2_2i_runs_DP0_2_v23_0_1_PREOPS-905_step3_23_20220305T044606Z-part0.pq,1770396,177449044
/lustre/t1/cl/lsst/pz_project/pcw_2023/dp0.2_pre_processed_2M_obj_per_file/objectTable_tract_3827_DC2_2_2i_runs_DP0_2_v23_0_1_PREOPS-905_step3_14_20220219T051120Z-part0.pq,objectTable_tract_3827_DC2_2_2i_runs_DP0_2_v23_0_1_PREOPS-905_step3_14_20220219T051120Z-part0.pq,1870528,187437367
/lustre/t1/cl/lsst/pz_project/pcw_2023/dp0.2_pre_processed_2M_obj_per_file/objectTable_tract_3636_DC2_2_2i_runs_DP0_2_v23_0_1_PREOPS-905_step3_12_20220218T172932Z-part0.pq,objectTable_tract_3636_DC2_2_2i_runs_DP0_2_v23_0_1_PREOPS-905_step3_12_20220218T172932Z-part0.pq,1959946,196109078
/lustre/t1/cl/lsst/pz_project/pcw_2023/dp0.2_pre_processed_2M_obj_per_file/objectTable_tract_3086_DC2_2_2i_runs_DP0_2_v23_0_1_PREOPS-905_step3_5_20220218T163030Z-part0.pq,objectTable_tract_3086_DC2_2_2i_runs_DP0_2_v23_0_1_PREOPS-905_step3_5_20220218T163030Z-part0.pq,1578747,158729433
/lustre/t1/cl/lsst/pz_project/pcw_2023/dp0.2_pre_processed_2M_obj_per_file/objectTable_tract_4232_DC2_2_2i_runs_DP0_2_v23_0_1_PREOPS-905_step3_21_20220304T163449Z-part0.pq,objectTable_tract_4232_DC2_2_2i_runs_DP0_2_v23_0_1_PREOPS-905_step3_21_20220304T163449Z-part0.pq,1802426,180788436
/lustre/t1/cl/lsst/pz_project/pcw_2023/dp0.2_pre_processed_2M_obj_per_file/objectTable_tract_4441_DC2_2_2i_runs_DP0_2_v23_0_1_PREOPS-905_step3_24_20220305T052326Z-part0.pq,objectTable_tract_4441_DC2_2_2i_runs_DP0_2_v23_0_1_PREOPS-905_step3_24_20220305T052326Z-part0.pq,1294199,129268489
/lustre/t1/cl/lsst/pz_project/pcw_2023/dp0.2_pre_processed_2M_obj_per_file/objectTable_tract_4031_DC2_2_2i_runs_DP0_2_v23_0_1_PREOPS-905_step3_18_20220220T153612Z-part0.pq,objectTable_tract_4031_DC2_2_2i_runs_DP0_2_v23_0_1_PREOPS-905_step3_18_20220220T153612Z-part0.pq,1785011,179257896
/lustre/t1/cl/lsst/pz_project/pcw_2023/dp0.2_pre_processed_2M_obj_per_file/objectTable_tract_4855_DC2_2_2i_runs_DP0_2_v23_0_1_PREOPS-905_step3_28_20220314T185100Z-part0.pq,objectTable_tract_4855_DC2_2_2i_runs_DP0_2_v23_0_1_PREOPS-905_step3_28_20220314T185100Z-part0.pq,1769581,177418943
/lustre/t1/cl/lsst/pz_project/pcw_2023/dp0.2_pre_processed_2M_obj_per_file/objectTable_tract_3074_DC2_2_2i_runs_DP0_2_v23_0_1_PREOPS-905_step3_3_20220309T040429Z-part0.pq,objectTable_tract_3074_DC2_2_2i_runs_DP0_2_v23_0_1_PREOPS-905_step3_3_20220309T040429Z-part0.pq,1512710,151424434
/lustre/t1/cl/lsst/pz_project/pcw_2023/dp0.2_pre_processed_2M_obj_per_file/objectTable_tract_3268_DC2_2_2i_runs_DP0_2_v23_0_1_PREOPS-905_step3_8_20220309T160814Z-part0.pq,objectTable_tract_3268_DC2_2_2i_runs_DP0_2_v23_0_1_PREOPS-905_step3_8_20220309T160814Z-part0.pq,1324875,133328888
/lustre/t1/cl/lsst/pz_project/pcw_2023/dp0.2_pre_processed_2M_obj_per_file/objectTable_tract_2901_DC2_2_2i_runs_DP0_2_v23_0_1_PREOPS-905_step3_1_20220308T153907Z-part0.pq,objectTable_tract_2901_DC2_2_2i_runs_DP0_2_v23_0_1_PREOPS-905_step3_1_20220308T153907Z-part0.pq,1814017,182182848
/lustre/t1/cl/lsst/pz_project/pcw_2023/dp0.2_pre_processed_2M_obj_per_file/objectTable_tract_3445_DC2_2_2i_runs_DP0_2_v23_0_1_PREOPS-905_step3_9_20220219T154502Z-part0.pq,objectTable_tract_3445_DC2_2_2i_runs_DP0_2_v23_0_1_PREOPS-905_step3_9_20220219T154502Z-part0.pq,1875495,187759437
/lustre/t1/cl/lsst/pz_project/pcw_2023/dp0.2_pre_processed_2M_obj_per_file/objectTable_tract_3631_DC2_2_2i_runs_DP0_2_v23_0_1_PREOPS-905_step3_11_20220220T032646Z-part0.pq,objectTable_tract_3631_DC2_2_2i_runs_DP0_2_v23_0_1_PREOPS-905_step3_11_20220220T032646Z-part0.pq,1451957,145853641
/lustre/t1/cl/lsst/pz_project/pcw_2023/dp0.2_pre_processed_2M_obj_per_file/objectTable_tract_4637_DC2_2_2i_runs_DP0_2_v23_0_1_PREOPS-905_step3_24_20220305T052326Z-part0.pq,objectTable_tract_4637_DC2_2_2i_runs_DP0_2_v23_0_1_PREOPS-905_step3_24_20220305T052326Z-part0.pq,1860215,186739927
/lustre/t1/cl/lsst/pz_project/pcw_2023/dp0.2_pre_processed_2M_obj_per_file/objectTable_tract_3829_DC2_2_2i_runs_DP0_2_v23_0_1_PREOPS-905_step3_14_20220219T051120Z-part0.pq,objectTable_tract_3829_DC2_2_2i_runs_DP0_2_v23_0_1_PREOPS-905_step3_14_20220219T051120Z-part0.pq,1963148,196369986
/lustre/t1/cl/lsst/pz_project/pcw_2023/dp0.2_pre_processed_2M_obj_per_file/objectTable_tract_2899_DC2_2_2i_runs_DP0_2_v23_0_1_PREOPS-905_step3_1_20220317T233937Z-part0.pq,objectTable_tract_2899_DC2_2_2i_runs_DP0_2_v23_0_1_PREOPS-905_step3_1_20220317T233937Z-part0.pq,1793115,180064222
/lustre/t1/cl/lsst/pz_project/pcw_2023/dp0.2_pre_processed_2M_obj_per_file/objectTable_tract_4850_DC2_2_2i_runs_DP0_2_v23_0_1_PREOPS-905_step3_27_20220316T171018Z-part0.pq,objectTable_tract_4850_DC2_2_2i_runs_DP0_2_v23_0_1_PREOPS-905_step3_27_20220316T171018Z-part0.pq,1892836,189774518
/lustre/t1/cl/lsst/pz_project/pcw_2023/dp0.2_pre_processed_2M_obj_per_file/objectTable_tract_4851_DC2_2_2i_runs_DP0_2_v23_0_1_PREOPS-905_step3_27_20220316T171018Z-part0.pq,objectTable_tract_4851_DC2_2_2i_runs_DP0_2_v23_0_1_PREOPS-905_step3_27_20220316T171018Z-part0.pq,1904774,190682680
/lustre/t1/cl/lsst/pz_project/pcw_2023/dp0.2_pre_processed_2M_obj_per_file/objectTable_tract_3451_DC2_2_2i_runs_DP0_2_v23_0_1_PREOPS-905_step3_10_20220315T122041Z-part0.pq,objectTable_tract_3451_DC2_2_2i_runs_DP0_2_v23_0_1_PREOPS-905_step3_10_20220315T122041Z-part0.pq,1780544,178696402
/lustre/t1/cl/lsst/pz_project/pcw_2023/dp0.2_pre_processed_2M_obj_per_file/objectTable_tract_4231_DC2_2_2i_runs_DP0_2_v23_0_1_PREOPS-905_step3_20_20220303T145311Z-part0.pq,objectTable_tract_4231_DC2_2_2i_runs_DP0_2_v23_0_1_PREOPS-905_step3_20_20220303T145311Z-part0.pq,1857055,185996832
